{
    "playerHealth": 2,
    "playerPosition": {
        "x": -2.0150411128997804,
        "y": 3.9470443725585939,
        "z": -1.0
    },
    "sceneNumber": 6
}